judge,method,presence,cardinality,layout_2d,depth_contact_occlusion,orientation_yaw,composition,spatial_macro,case_exact,diagnostic_exact,normal_exact,hard_exact
visual,flux,0.9846625766871165,0.9294478527607362,0.6933333333333334,0.9824561403508771,0.5,0.8372093023255814,0.77140554875561,0.5888888888888889,0.6666666666666666,0.7551020408163265,0.34285714285714286
visual,sdxl,0.8374233128834356,0.6503067484662577,0.4666666666666667,0.5132163742690058,0.2647058823529412,0.5581395348837209,0.44506671946624426,0.13333333333333333,0.16666666666666666,0.22448979591836735,0.0
visual,gligen,0.9171779141104295,0.8374233128834356,0.88,0.7615789473684211,0.3235294117647059,0.7906976744186046,0.68531166750666,0.4666666666666667,0.6666666666666666,0.6122448979591837,0.22857142857142856
visual,lmd_plus,0.901840490797546,0.8220858895705522,0.8200000000000001,0.5477777777777778,0.3235294117647059,0.6976744186046512,0.5785083219334246,0.4,1.0,0.46938775510204084,0.2
visual,boxdiff_xl,0.6687116564417178,0.6165644171779141,0.30333333333333334,0.4547953216374269,0.2647058823529412,0.37209302325581395,0.35906967744258045,0.1111111111111111,0.16666666666666666,0.1836734693877551,0.0
visual,muses_qwen_rgb,0.9171779141104295,0.9171779141104295,0.94,0.764093567251462,0.5294117647058824,0.8372093023255814,0.7585391916864666,0.6111111111111112,1.0,0.6938775510204082,0.42857142857142855
visual,muses_qwen_sdxl,0.9263803680981595,0.7760736196319018,0.88,0.7569590643274854,0.411764705882353,0.813953488372093,0.7085450116399068,0.4,0.8333333333333334,0.46938775510204084,0.22857142857142856
visual,muses_qwen_rgb_qwen_i2i,0.9202453987730062,0.9049079754601227,0.7966666666666666,0.7918713450292397,0.5882352941176471,0.7674418604651163,0.7391074771401829,0.5777777777777777,0.8333333333333334,0.6938775510204082,0.37142857142857144
visual,t2i_blender_rgb,0.9539877300613497,0.9539877300613497,0.8766666666666667,0.9135672514619883,0.8529411764705882,0.8604651162790697,0.882547819617443,0.8111111111111111,0.8333333333333334,0.9591836734693877,0.6
visual,t2i_blender_qwen,0.9693251533742331,0.9601226993865031,0.96,0.9135672514619883,0.8235294117647058,0.8837209302325582,0.8989351885184919,0.8,1.0,0.9183673469387755,0.6
qwen32_diagnostic,flux,0.9877300613496932,0.9601226993865031,0.9199999999999999,0.831345029239766,0.47058823529411764,0.813953488372093,0.7611456308349533,0.5555555555555556,1.0,0.6326530612244898,0.37142857142857144
qwen32_diagnostic,sdxl,0.8957055214723927,0.8190184049079755,0.42666666666666664,0.4680701754385965,0.3823529411764706,0.6976744186046512,0.4649905200758394,0.2111111111111111,0.3333333333333333,0.32653061224489793,0.02857142857142857
qwen32_diagnostic,gligen,0.9478527607361963,0.901840490797546,0.9,0.5169005847953215,0.38235294117647056,0.8837209302325582,0.6248910708714331,0.4444444444444444,0.6666666666666666,0.5306122448979592,0.2857142857142857
qwen32_diagnostic,lmd_plus,0.9539877300613497,0.9049079754601227,0.9,0.56,0.3235294117647059,0.8604651162790697,0.6234404924760603,0.4777777777777778,1.0,0.5102040816326531,0.34285714285714286
qwen32_diagnostic,boxdiff_xl,0.8282208588957055,0.8251533742331288,0.7366666666666667,0.591812865497076,0.411764705882353,0.6046511627906976,0.5846190630474957,0.32222222222222224,0.8333333333333334,0.46938775510204084,0.02857142857142857
qwen32_diagnostic,muses_qwen_rgb,0.9785276073619632,0.9785276073619632,0.8566666666666667,0.7655555555555554,0.4117647058823529,0.7906976744186046,0.7030283857729138,0.6,0.8333333333333334,0.6530612244897959,0.4857142857142857
qwen32_diagnostic,muses_qwen_sdxl,0.9570552147239264,0.901840490797546,0.9,0.5945029239766082,0.47058823529411764,0.8604651162790697,0.6731437948496412,0.4444444444444444,1.0,0.5102040816326531,0.2571428571428571
qwen32_diagnostic,muses_qwen_rgb_qwen_i2i,0.99079754601227,0.9877300613496932,0.7533333333333333,0.6924561403508772,0.5,0.9534883720930233,0.6921904324765402,0.6333333333333333,0.6666666666666666,0.6530612244897959,0.6
qwen32_diagnostic,t2i_blender_rgb,0.9478527607361963,0.9478527607361963,0.7966666666666666,0.6513450292397661,0.5294117647058824,0.8837209302325582,0.6862391100871192,0.5777777777777777,0.8333333333333334,0.7142857142857143,0.34285714285714286
qwen32_diagnostic,t2i_blender_qwen,0.9693251533742331,0.9631901840490797,0.7766666666666666,0.6966666666666667,0.47058823529411764,0.8837209302325582,0.6835288417692658,0.5666666666666667,0.8333333333333334,0.6530612244897959,0.4
qwen38_diagnostic,flux,0.9785276073619632,0.9355828220858896,0.7366666666666667,0.9166666666666666,0.4411764705882353,0.7906976744186046,0.737047993616051,0.5444444444444444,0.8333333333333334,0.6938775510204082,0.2857142857142857
qwen38_diagnostic,sdxl,0.843558282208589,0.6717791411042945,0.38666666666666666,0.4576608187134503,0.3823529411764706,0.5116279069767442,0.4278311973504212,0.14444444444444443,0.3333333333333333,0.22448979591836735,0.0
qwen38_diagnostic,gligen,0.9386503067484663,0.8803680981595092,0.8400000000000001,0.8180116959064327,0.3823529411764706,0.813953488372093,0.7140868073055415,0.4888888888888889,1.0,0.5918367346938775,0.2571428571428571
qwen38_diagnostic,lmd_plus,0.9355828220858896,0.8650306748466258,0.9199999999999999,0.5835672514619883,0.3235294117647059,0.7906976744186046,0.6285572815417477,0.5,1.0,0.5510204081632653,0.34285714285714286
qwen38_diagnostic,boxdiff_xl,0.6748466257668712,0.6012269938650306,0.39,0.4076608187134503,0.23529411764705882,0.2558139534883721,0.3411730806153551,0.1111111111111111,0.5,0.14285714285714285,0.0
qwen38_diagnostic,muses_qwen_rgb,0.9693251533742331,0.9693251533742331,0.9,0.8651461988304093,0.5882352941176471,0.7674418604651163,0.7924188806489548,0.6666666666666666,1.0,0.7142857142857143,0.5428571428571428
qwen38_diagnostic,muses_qwen_sdxl,0.9355828220858896,0.843558282208589,0.9,0.783625730994152,0.3823529411764706,0.7906976744186046,0.7132850937192502,0.45555555555555555,1.0,0.5102040816326531,0.2857142857142857
qwen38_diagnostic,muses_qwen_rgb_qwen_i2i,0.9815950920245399,0.9723926380368099,0.8966666666666667,0.8960233918128656,0.5294117647058824,0.9069767441860465,0.8059004727962176,0.7,0.8333333333333334,0.7142857142857143,0.6571428571428571
qwen38_diagnostic,t2i_blender_rgb,0.9570552147239264,0.9570552147239264,0.8766666666666667,0.9311111111111111,0.6176470588235294,0.8604651162790697,0.8303032375740994,0.7777777777777778,0.8333333333333334,0.8775510204081632,0.6285714285714286
qwen38_diagnostic,t2i_blender_qwen,0.9662576687116564,0.9570552147239264,0.8766666666666667,0.9002339181286549,0.5882352941176471,0.8837209302325582,0.8142783257733939,0.7222222222222222,0.8333333333333334,0.8775510204081632,0.4857142857142857
gpt56_diagnostic,flux,0.99079754601227,0.9447852760736196,0.7566666666666667,0.9824561403508771,0.4411764705882353,0.8604651162790697,0.7754399764801883,0.5888888888888889,0.8333333333333334,0.7346938775510204,0.34285714285714286
gpt56_diagnostic,sdxl,0.8895705521472392,0.7760736196319018,0.5066666666666667,0.5409941520467837,0.4411764705882353,0.6046511627906976,0.5154149866801065,0.2,0.3333333333333333,0.30612244897959184,0.02857142857142857
gpt56_diagnostic,gligen,0.9631901840490797,0.9233128834355828,0.88,0.8069005847953217,0.35294117647058826,0.9069767441860465,0.7241951064391485,0.5888888888888889,1.0,0.673469387755102,0.4
gpt56_diagnostic,lmd_plus,0.9601226993865031,0.9079754601226994,0.9199999999999999,0.6144444444444445,0.35294117647058826,0.7906976744186046,0.6474891700866393,0.5555555555555556,1.0,0.6122448979591837,0.4
gpt56_diagnostic,boxdiff_xl,0.8496932515337423,0.8006134969325154,0.5900000000000001,0.645906432748538,0.44117647058823534,0.46511627906976744,0.5581485648114815,0.26666666666666666,0.5,0.3673469387755102,0.08571428571428572
gpt56_diagnostic,muses_qwen_rgb,1.0,0.9969325153374233,0.98,0.9866666666666667,0.5882352941176471,0.9534883720930233,0.8812448700410397,0.8222222222222222,1.0,0.8571428571428571,0.7428571428571429
gpt56_diagnostic,muses_qwen_sdxl,0.9723926380368099,0.8588957055214724,0.9199999999999999,0.8258479532163743,0.47058823529411764,0.8604651162790697,0.7648981808145534,0.45555555555555555,1.0,0.5306122448979592,0.2571428571428571
gpt56_diagnostic,muses_qwen_rgb_qwen_i2i,0.9938650306748467,0.9815950920245399,0.9166666666666667,0.9722222222222222,0.5,0.9302325581395349,0.8350290697674418,0.7666666666666667,0.8333333333333334,0.8163265306122449,0.6857142857142857
gpt56_diagnostic,t2i_blender_rgb,0.950920245398773,0.950920245398773,0.8366666666666667,0.89,0.5882352941176471,0.9069767441860465,0.8033475832193342,0.7333333333333333,0.8333333333333334,0.8367346938775511,0.5714285714285714
gpt56_diagnostic,t2i_blender_qwen,0.9693251533742331,0.9631901840490797,0.98,0.9177777777777778,0.5882352941176471,0.9069767441860465,0.8495975832193342,0.7777777777777778,1.0,0.8775510204081632,0.6
